Drug Name,Pay as little as,Max savings,Limit,Url,User_id
Dulera,$15 ,$90 ,12 fills,https://www.activatethecard.com/7389/#,1
Dulera,One free trial inhaler,,1 fill,https://mprsetrial.mckesson.com/7161/#,1
Eliquis,$10 ,"Annual max of $3,800",24 months,https://www.eliquis.bmscustomerconnect.com/registration1?siteid=801&type=requestcopay&formtype=reqcopay&dtype=afib&tc=39966&utm_term=eliquis&utm_medium=cpc&utm_content=branded_trtmnt_general_xct&utm_source=google&utm_campaign=eliquis_enhanced_branded_trtmnt_xct,1
Lo Loestrin,"$25 per one-month or 
$35 per three-month",Not specified,9 months,https://www.savingscardactivation.com/activate/loloestrinfe,1
Aczone,"$35
$75 for Aczone 7.5% if not covered",Not specified,3 fills,https://www.aczone.com/savings-coupon,1
Abilify,$5 ,Not specified,Not specified,https://www.abilify.com/using-the-savings-card.aspx,1
Androgel,$10 ,Not specified,Not specified,https://www.androgel.com/savings-and-resources,1
Acanya,$40 at Walgreens,Not specified,6 fills; Must be filled at Walgreens and participating independent pharmacy,https://www.activatethecard.com/valeant/derm#,1
Jublia,$25 ,Not specified,12 fills; Must be filled at Walgreens and participating independent pharmacy,https://www.activatethecard.com/valeant/derm#,1
Onexton,$25 ,Not specified,"6 fills, Must be filled at Walgreens and participating independent pharmacy",https://www.activatethecard.com/valeant/derm#,1
Solodyn,$25 ,Not specified,3 fills; Must be filled at Walgreens and participating independent pharmacy,https://www.activatethecard.com/valeant/derm#,1
Carac,$40 at Walgreens,Not specified,2 fills; Must be filled at Walgreens and participating independent pharmacy,https://www.activatethecard.com/valeant/derm#,1
Cindagel,$40 at Walgreens,Not specified,6 fills; Must be filled at Walgreens and participating independent pharmacy,https://www.activatethecard.com/valeant/derm#,1
Elidel,$40 at Walgreens,Not specified,3 fills; Must be filled at Walgreens and participating independent pharmacy,https://www.activatethecard.com/valeant/derm#,1
Locoid Lotion,$40 at Walgreens,Not specified,6 fills; Must be filled at Walgreens and participating independent pharmacy,https://www.activatethecard.com/valeant/derm#,1
Loprox Shampoo,$40 at Walgreens,Not specified,6 fills; Must be filled at Walgreens and participating independent pharmacy,https://www.activatethecard.com/valeant/derm#,1
Luzu,$40 at Walgreens,Not specified,6 fills; Must be filled at Walgreens and participating independent pharmacy,https://www.activatethecard.com/valeant/derm#,1
Noritate,$40 at Walgreens,Not specified,6 fills; Must be filled at Walgreens and participating independent pharmacy,https://www.activatethecard.com/valeant/derm#,1
Retin-A Micro,$40 at Walgreens,Not specified,6 fills; Must be filled at Walgreens and participating independent pharmacy,https://www.activatethecard.com/valeant/derm#,1
Xerese,$40 at Walgreens,Not specified,6 fills; Must be filled at Walgreens and participating independent pharmacy,https://www.activatethecard.com/valeant/derm#,1
Ziana,$40 at Walgreens,Not specified,6 fills; Must be filled at Walgreens and participating independent pharmacy,https://www.activatethecard.com/valeant/derm#,1
Zovirax cream,$40 at Walgreens,Not specified,6 fills; Must be filled at Walgreens and participating independent pharmacy,https://www.activatethecard.com/valeant/derm#,1
Zyclara,$40 at Walgreens,Not specified,6 fills; Must be filled at Walgreens and participating independent pharmacy,https://www.activatethecard.com/valeant/derm#,1
Accu-Chek test strips,$15 ,$80 ,Copay will vary depending on the state you are in (from $15-$45),https://sites.accu-chek.com/microsites/preferred/patient-rx-cards.html,1
Aciphex,$20 ,Not specified,Not specified,https://www.aciphex20.com/?media_code=WEBO1005,1
Actemra,$5 ,"up to $15,000 per 12-month period",Not specified,https://www.genentech-access.com/hcp/brands/actemra/find-patient-assistance/co-pay-cards.html,1
Acthar Gel,$0 ,"Max copay benefit of $25,000 per calender year",Not specified,http://www.acthar.com/reimbursement-support?bncid=googleact1&gclid=COzOk5_H-MECFcayMgodZxYANg,1
Actimmune,$0 ,Based on qualifications,Prescriber must sign patient up,http://www.compassforpatients.com/financial-support.php,1
Activase,$0 ,Based on qualifications,Must sign up for Genetech Access to Care Foundation,https://www.activase.com/ais/resource-center/resources.html,1
Aczone,$35 ,Not specified,3 fills,https://www.aczone.com/savings-coupon,1
Adempas,$0 ,Based on qualifications,12 fills,http://www.adempas-us.com/aim-financial-assistance/,1
Advair,Will vary,$50 ,12 fills,https://www.advair.com/coupon-and-savings.html,1
Breo Ellipta (COPD),1 free trial,,1 fill,https://www.mybreo.com/copd/savings.html#,1
Breo Ellipta (COPD),$10 ,Not specified,12 fills,https://www.mybreo.com/copd/savings.html#,1
Adynovate,$0 ,Not specified,12 fills,http://www.hematologysupport.com/product-programs/smart-start/,1
Vonvendi,$0 ,Not specified,12 fills,http://www.hematologysupport.com/product-programs/smart-start/,1
Advate,$0 ,"$12,000 ",12 months,http://www.hematologysupport.com/copay-assistance/,1
Adynovate,$0 ,"$12,000 ",12 months,http://www.hematologysupport.com/copay-assistance/,1
Bebulin,$0 ,"$12,000 ",12 months,http://www.hematologysupport.com/copay-assistance/,1
Hemofil M,$0 ,"$12,000 ",12 months,http://www.hematologysupport.com/copay-assistance/,1
Recombinate,$0 ,"$12,000 ",12 months,http://www.hematologysupport.com/copay-assistance/,1
Rixubis,$0 ,"$12,000 ",12 months,http://www.hematologysupport.com/copay-assistance/,1
Feiba,$0 ,"$12,000 ",12 months,http://www.hematologysupport.com/copay-assistance/,1
Vovendi,$0 ,"$12,000 ",12 months,http://www.hematologysupport.com/copay-assistance/,1
Afinitor,$25 ,"$15,000 ",12 months,https://www.copay.novartisoncology.com/eligibility/?name=afinitor,1
Alcortin,$0 ,Not specified,Not specified,http://novumrx.com/alcortin/patient-savings/,1
Muse,"$20 for first fill, $40 for subsequent fills",Not specified,12 months,http://www.muserx.com/copay-relief/,1
Anoro Ellipta,1 free trial,,,https://www.anoro.com/savings/index.html,1
Anoro Ellipta,$10 ,Not specified,12 months,https://www.anoro.com/savings/index.html,1
Arnuity Ellipta,1 free trial,,,https://www.arnuity.com/arnuity-savings-and-offers/index.html,1
Arnuity Ellipta,$10 ,$100 ,12 months,https://www.arnuity.com/arnuity-savings-and-offers/index.html,1
Incruse Ellipta,1 free trial,,,https://www.incruse.com/incruse-savings-and-offers/index.html,1
Incruse Ellipta,$10 ,Not specified,12 months,https://www.incruse.com/incruse-savings-and-offers/index.html,1
Alvesco,$17 ,$75 ,12 months,http://www.respistory.com/aa/ast/alvesco-savings-program.html,1
Amitiza,$0 ,$75 ,Not specified,https://www.amitiza.com/savings,1
Amrix,$15 ,Not specified,Not specified,https://www.amrix.com/amrix-coupon,1
Androderm,$30 ,$50 ,Not specified,https://www.androderm.com/savings,1
Beyaz,$0 ,$100 ,Not specified,https://www.savingscard.bayer.com/SSL/get-card/,1
Safyral,$0 ,$100 ,Not specified,https://www.savingscard.bayer.com/SSL/get-card/,1
Yaz,$0 ,$100 ,Not specified,https://www.savingscard.bayer.com/SSL/get-card/,1
Yasmin,$0 ,$100 ,Not specified,https://www.savingscard.bayer.com/SSL/get-card/,1
Natazia,$0 ,$100 ,Not specified,https://www.savingscard.bayer.com/SSL/get-card/,1
Angeliq,$0 ,$100 ,Not specified,https://www.savingscard.bayer.com/SSL/get-card/,1
Antara,$0 ,Not specified,Not specified,http://www.antararx.com/saving-program.php?section=patient&sec=saving-card,1
Apidra,$0 ,Not specified,Not specified,https://www.apidra.com/register/default.aspx,1
Aplenzin,Income based assistance,Based on income,Not specified,http://www.sanofipatientconnection.com/patient-assistance-connection,1
Apriso,$10 ,$100 ,12 months,https://www.aprisorx.com/apriso/savings-card,1
Aranesp,Not specified,Not specified,,http://www.amgenassist360.com/patient/aranesp-cost-assistance/,1
Blincyto,Not specified,Not specified,,http://www.amgenassist360.com/patient/blincyto-cost-assistance/,1
Corlanor,$20 ,$160 ,Not specified,https://www.corlanor.com/corlanor-copay-card/,1
Enbrel,"$0 for first 6 months, $10 after 6 months",Not specified,12 months,https://www.enbrel.com/support/financial-assistance/,1
Imlygic,Not specified,Not specified,Not specified,http://www.amgenassist360.com/patient/imlygic-cost-nurse-ambassador-assistance/,1
Kypolis,Not specified,Not specified,Not specified,http://www.amgenassist360.com/patient/kyprolis-cost-nurse-ambassador-assistance/,1
Neulasta,$0 ,Not specified,Not specified,https://www.neulasta.com/support/neulasta-cost/,1
Neupogen,Not specified,Not specified,Not specified,http://www.amgenassist360.com/patient/neupogen-cost-assistance/,1
Nplate,Not specified,Not specified,Not specified,https://www.nplate.com/patient/nplate-financial-support/index/,1
Prolia,$25 ,Not specified,Not specified,https://www.prolia.com/treatment/payment-program/,1
Repatha,$5 ,Not specified,Not specified,https://www.repatha.com/patient-services-and-copay-registration/,1
Arthrotec,$4 ,$100 ,12 months,https://www.arthrotec.com/savings,1
Asmanex HFA,1 free trial,,1,https://mprsetrial.mckesson.com/7323/#,1
Asmanex HFA,$15 ,$90 ,12 months,https://www.activatethecard.com/7389/#,1
Asmanex Twisthaler,$15 ,$90 ,12 months,https://www.activatethecard.com/7389/#,1
Asmanex Twisthaler,1 free trial,,1,https://mprsetrial.mckesson.com/7323/#,1
Atripla,$0 ,"$7,500 ",Not specified,https://bmsdm.secure.force.com/bms3assist/copay,1
Evotaz,$0 ,"$7,500 ",Not specified,https://bmsdm.secure.force.com/bms3assist/copay,1
Reyataz,$0 ,"$7,500 ",Not specified,https://bmsdm.secure.force.com/bms3assist/copay,1
Sustiva,$0 ,"$7,500 ",Not specified,https://bmsdm.secure.force.com/bms3assist/copay,1
Auvi-Q,$0 ,Not specified,Not specified,https://www.auvi-q.com/affordability/,1
Avonex,$0 ,Not specified,Not specified,https://www.avonex.com/en_us/home/above-ms-program/financial-support.html,1
Azor,$5 ,Not specified,12 months,http://azor.com/right-fit-support-program,1
Azopt,$30 ,$105 ,Not specified,https://www.eyefile.com/Glaucoma/LandingActivate/0?sid=mgsop,1
Travatan Z,$30 ,$105 ,Not specified,https://www.eyefile.com/Glaucoma/LandingActivate/0?sid=mgsop,1
Simbrinza,$30 ,$105 ,Not specified,https://www.eyefile.com/Glaucoma/LandingActivate/0?sid=mgsop,1
Contour,$15 ,$105 ,12 months,https://www.contournext.com/meter-strip-savings/save-on-test-strips/contour-choice-card/,1
Belviq,Not specified,$160 ,12 months,https://www.belviq.com/patient/savings,1
Benicar,$5 ,Not specified,12 months,http://benicar.com/right-fit-support-program,1
Benicar HCT,$5 ,Not specified,12 months,http://benicar.com/right-fit-support-program,1
Bidil,1 free trial,,,https://www.bidil.com/patient-savings-support,1
Bidil,$25 ,Not specified,12 months,https://www.bidil.com/patient-savings-support,1
Brilinta,$18 ,$100 ,12 months,https://www.brilinta.com/savings-offers-and-support/brilinta-coupon.html,1
Butrans,$30 ,$70 ,,https://www.butrans.com/patient-savings/savings-card.html,1
Bydureon,$25 ,$100 ,24 months,https://www.bydureon.com/savings-and-support/bydureon-savings-card.html,1
Cialis,$200 off,$200 ,,https://www.cialis.com/cialis-savings-card.html,1
Caduet,$4 ,$150 ,,http://www.caduet.com/Savings,1
Bosulif,$10 ,Not specified,Not specified,https://www.pfizercopayone.com/hcp,1
Ibrance,$10 ,Not specified,Not specified,https://www.pfizercopayone.com/hcp,1
Inlyta,$10 ,Not specified,Not specified,https://www.pfizercopayone.com/hcp,1
Xalkori,$10 ,Not specified,Not specified,https://www.pfizercopayone.com/hcp,1
Sutent,$10 ,Not specified,Not specified,https://www.pfizercopayone.com/hcp,1
Caverject,$20 ,$50 ,Not specified,https://www.caverject.com/request-or-activate-a-card?srid=mpb,1
Celebrex,$4 ,$125 ,Not specified,https://www.celebrex.com/copay-card-download?srid=mpb,1
Chantix,$40 ,$75 ,6 months,https://www.chantix.com/download-savings-card?srid=mpb,1
Detrol LA,$0 ,$150 ,12 months,http://www.detrolla.com/Savings/?srid=mpb,1
Dilantin,Will vary,$20 ,12 months,http://www.dilantin.com/savings-card?srid=mpb,1
Duavee,$25 ,$70 ,Not specified,https://www.duavee.com/savings-card?srid=mpb,1
Effexor XR,$4 ,$2500 per year,Not specified,https://www.effexorxr.com/choice-card?srid=mpb,1
Embeda,$25 ,$75 ,12 months,https://www.embeda.com/copay-register,1
Estring,$15 ,$100 ,4 fills,https://www.estring.com/save-on-estring?srid=mpb,1
Flector,$20 ,$60 ,3 fills,https://www.flectorpatch.com/coupon?srid=mpb,1
Geodon,$4 ,$250 ,Not specified,http://www.geodon.com/about-copay?srid=mpb,1
Lipitor,$4 ,Not speficied,Not specified,https://www.lipitor.com/choice-card?srid=mpb#q1,1
Lyrica,$25 ,$140 ,12 fills,https://www.lipitor.com/choice-card?srid=mpb,1
Premarin vaginal cream,$15 ,$225 ,2 fills,https://www.premarinvaginalcream.com/savings-and-support?srid=mpb,1
Premarin tablets,$15 ,$55 ,12 fills,https://www.premarin.com/premarin-savings,1
Pristiq,$4 ,$90 ,12 months,https://www.pristiq.com/savings-support,1
Quillivant,$25 ,$140 ,12 fills,https://www.quillivantxr-quillichewer.com/savings-and-support/co-pay-card,1
Relpax,$4 ,$150 ,12 fills,https://www.relpax.com/co-pay-card#tncinfo,1
Revatio,$0 ,"$1,000 ",12 fills,https://www.revatio.com/card-registration-and-activation,1
Somavert,$5 ,"$20,000 per year",12 months,http://www.somavert.com/financial-support?srid=mpb,1
Tikosyn,$4 ,$250 ,12 months,https://www.tikosyn.com/co-pay-card,1
Viagra,50%,Not specified,12 fills,https://www.viagra.com/savings-offer,1
Xalatan,$0 ,$125 ,12 months,http://www.xalatan.com/xalatan-savings?o=request&srid=mpb,1
Xeljanz,$0 ,"$12,000 per year",12 months,http://ra.xeljanz.com/rheumatoid-arthritis-support-resources/co-pay-savings-card?srid=mpb,1
Zoloft,$4 ,~$100,Not specified,http://www.zoloft.com/zoloft-choice-card,1
Zyvox,$1 ,"$1,000 ",one-time use,https://www.zyvoxsavings.com/,1
Cambia,$20 ,$90 ,Not specified,http://www.cambiarx.com/savings-programs,1
Canasa,$35 ,Not specified,6 fills,http://www.canasa.com/en/canasa_patient_savings,1
CellCept,$15 ,$5000 per year,12 months,http://www.cellcept.com/patient/support-for-cellcept-cost/cellcept-copay-card,1
Cialis,Will vary,$200 ,Not specified,https://www.cialis.com/cialis-savings-card.html,1
Cimzia,$0 ,"$11,000 per year",12 months,https://www.cimzia.com/signup,1
Ciprodex,$40 ,$135 ,Not specified,http://www.ciprodex.com/instant-savings.aspx,1
Clindesse,$25 ,$75 ,Not specified,https://activatemysavings.com/clindesse-gynazole/,1
Colcrys,$15 ,Not specified,Not specified,https://www.colcrys.com/registration/,1
Uloric,$15 ,$75 ,Not specified,https://www.uloric.com/registration/,1
Combivent,$10 ,$50 ,6 fills,https://www.combivent.com/savings/card,1
Contrave,$30 ,$90 or $153 depending on coverage,Not specified,https://contrave.com/enrollment/,1
Copaxone,$0 ,Not specified,Not specified,https://www.copaxone.com/shared-solutions/copaxone-savings-and-benefits,1
Cordran,$10 ,Not specified,Not specified,https://activatemyaquacard.connectiverx.net/EligibilityPage,1
Altabax,$10 ,Not specified,Not specified,https://activatemyaquacard.connectiverx.net/EligibilityPage,1
Veltin,$10 ,Not specified,Not specified,https://activatemyaquacard.connectiverx.net/EligibilityPage,1
Acticlate,$10 ,Not specified,Not specified,https://activatemyaquacard.connectiverx.net/EligibilityPage,1
Fluoroplex,$10 ,Not specified,Not specified,https://activatemyaquacard.connectiverx.net/EligibilityPage,1
Xolegel,$10 ,Not specified,Not specified,https://activatemyaquacard.connectiverx.net/EligibilityPage,1
Verdeso,$10 ,Not specified,Not specified,https://activatemyaquacard.connectiverx.net/EligibilityPage,1
Creon,$0 ,Not specified,Not specified,https://www.creon.com/cfcareforward?cid=ppc_ppd_Cre_ggl_creon_0755,1
Crestor,$3 ,$130 ,Not specified,https://www.crestor.com/savings-resources/savings-offers.html#home,1
Cuvposa,Will vary,$40 ,Not specified,https://webrebate.trialcard.com/coupon/CuvposaPortal/,1
Cycloset,Will vary,$125 ,12 fills,https://www.activatethecard.com/cycloset/,1
Daliresp,1 free trial,,1 fill,https://www.daliresp-us.com/savings-program.html,1
Daliresp,$25 ,$100 ,12 fills,https://www.daliresp-us.com/savings-program.html,1
Daytrana,$20 ,$80 ,12 fills,http://www.daytrana.com/myoffer.php,1
Denavir,$15 ,$45 ,Not specified,https://svc.opushealth.com/1102312/POD/PrintCard.aspx,1
Elimite cream,$15 ,$45 ,Not specified,https://svc.opushealth.com/1102312/POD/PrintCard.aspx,1
Erygel,$15 ,$45 ,Not specified,https://svc.opushealth.com/1102312/POD/PrintCard.aspx,1
Evoclin,$15 ,$45 ,Not specified,https://svc.opushealth.com/1102312/POD/PrintCard.aspx,1
Extina,$15 ,$45 ,Not specified,https://svc.opushealth.com/1102312/POD/PrintCard.aspx,1
Luxiq,$15 ,$45 ,Not specified,https://svc.opushealth.com/1102312/POD/PrintCard.aspx,1
Olux,$15 ,$45 ,Not specified,https://svc.opushealth.com/1102312/POD/PrintCard.aspx,1
Olux-E,$15 ,$45 ,Not specified,https://svc.opushealth.com/1102312/POD/PrintCard.aspx,1
Vusion,$15 ,$45 ,Not specified,https://svc.opushealth.com/1102312/POD/PrintCard.aspx,1
Zonalon,$15 ,$45 ,Not specified,https://svc.opushealth.com/1102312/POD/PrintCard.aspx,1
Depakote,$5 ,$100 ,Not specified,https://www.depakote.com/Content/Pdf/patients-with-insurance.pdf,1
Dexilant,$20 ,$55 ,Not specified,https://www.dexilant.com/Savings.aspx,1
Diastat Acudial,$10 ,$60 ,Not specified,https://sservices.trialcard.com/Coupon/diastat,1
Diclegis,$40 ,Not specified,Not specified,https://www.diclegis.com/en/savings-and-resources/save-on-diclegis,1
Dificid,$50 ,"$3,400 ",4 fills,https://www.activatethecard.com/7398/#,1
Diovan,$10 ,$75 ,Not specified,http://www.diovan.com/info/ways-to-save/diovan-patient-savings.jsp,1
Doryx,$0 ,Not specified,Not specified,http://www.doryx.com/pdf/MPC-PAT-001%20Doryx%20MPC%20NAR%20Platinum%20Card.pdf,1
Trintellix,$10 ,$100 ,12 fills,https://www.trintellixhcp.com/savings/,1
Duexis,$0 ,"$1,200 ",Not specified,https://www.duexis.com/patient/save-on-duexis,1
Dymista,$14 ,$100 ,12 fills,http://dymista.com/copay-relief/,1
Edarbi,$10 ,Not specified,Not specified,https://www.edarbi.com/edarbi-edarbyclor-patient-savings-support,1
Edarbyclor,$10 ,Not specified,Not specified,https://www.edarbi.com/edarbi-edarbyclor-patient-savings-support,1
Edluar,"$0 on first fill, $20 on subsequent fills",$100 ,5 fills,http://www.edluar.com/copay-relief/,1
Effient,1 free trial,,1 fill,https://www.effient.com/offers-and-support/Free-Trial.aspx,1
Effient,$0 ,Not specified,12 fills,https://www.effient.com/offers-and-support/Savings-Card.aspx,1
Egrifta,Will vary,"$6,000 per year",12 months,http://www.egrifta.com/Patients/EgriftaAssistSupport.aspx,1
Elestrin,$35 ,Not specified,Not specified,https://sservices.trialcard.com/Coupon/Elestrin,1
Eletone,$15 ,$40 ,Not specified,http://docs.missionpharmacal.com/assets/pdf/DermatologyProductsSavingsCard.pdf,1
Texacort,$15 ,$50 ,Not specified,http://docs.missionpharmacal.com/assets/pdf/DermatologyProductsSavingsCard.pdf,1
Elmiron,$5 ,$35 ,4 months,https://www.orthoelmiron.com/crm/ret_register,1
Embeda,$25 ,$75 ,12 months,https://www.embeda.com/copay-register,1
Capex,$35 ,Not specified,Not specified,https://mprsetrial.mckesson.com/7283/?src=EPIDUO#,1
Clobex,$35 ,Not specified,Not specified,https://mprsetrial.mckesson.com/7283/?src=EPIDUO#,1
Desowen,$35 ,Not specified,Not specified,https://mprsetrial.mckesson.com/7283/?src=EPIDUO#,1
Differin,$35 ,Not specified,Not specified,https://mprsetrial.mckesson.com/7283/?src=EPIDUO#,1
Doxycycline 40mg,$0 ,Not specified,Not specified,https://mprsetrial.mckesson.com/7283/?src=EPIDUO#,1
Epiduo,$35 ,Not specified,Not specified,https://mprsetrial.mckesson.com/7283/?src=EPIDUO#,1
Epiduo Forte,$0 ,Not specified,Not specified,https://mprsetrial.mckesson.com/7283/?src=EPIDUO#,1
Metrogel 1%,$35 ,Not specified,Not specified,https://mprsetrial.mckesson.com/7283/?src=EPIDUO#,1
Mirvaso,$35 ,Not specified,Not specified,https://mprsetrial.mckesson.com/7283/?src=EPIDUO#,1
Oracea,$35 ,Not specified,Not specified,https://mprsetrial.mckesson.com/7283/?src=EPIDUO#,1
Soolantra,$35 ,Not specified,Not specified,https://mprsetrial.mckesson.com/7283/?src=EPIDUO#,1
Vectical,$35 ,Not specified,Not specified,https://mprsetrial.mckesson.com/7283/?src=EPIDUO#,1
Tri-Luma,$35 ,Not specified,Not specified,https://mprsetrial.mckesson.com/7283/?src=EPIDUO#,1
MetroLotion,$35 ,Not specified,Not specified,https://mprsetrial.mckesson.com/7283/?src=EPIDUO#,1
Epipen,$0 ,$300 ,Not specified,https://www.activatethecard.com/epipen/,1
Estrace,$25 ,,4 fills,https://www.estracecream.com/activate,1
Estrogel,$25 ,$35 ,Not specified,https://webrebate.trialcard.com/webrebate/EstroGelPortal/,1
Evamist,$25 ,$70 ,Not specified,https://activatemysavings.com/evamist/,1
Exalgo,$15 ,$60 ,Not specified,http://www.exalgo.com/,1
Fanapt,Will vary,$200 ,Not specified,https://www.fanapt.com/,1
Fareston,$20 ,$150 ,Not specified,http://www.fareston.com/support.html,1
Farxiga,$0 ,$481 ,Not specified,https://www.farxiga.com/savings-support/farxiga-savings-coupon.html,1
Fentora,$5 ,Not specified,Not specified,http://www.fentora.com/savings_card/,1
Fetzima,$10 ,$100 ,12 fills,https://www.fetzima.com/depression-resources/savings-card?icid=how_to_save,1
Finacea,$30 ,Not specified,Not specified,https://www.rosaceaconcierge.com/,1
Flector,$20 ,Not specified,Not specified,https://www.flectorpatch.com/coupon,1
Forfivo XL,$28 ,Not specified,Not specified,http://www.forfivoxl.com/,1
Forteo,$4 ,"$9,000 per year",24 months,https://www.forteo.com/osteoporosis-support-and-savings,1
Fosrenol,$5 ,Not specified,12 fills,http://www.fosrenol.com/patient-support,1
Mytesi,$25 ,$100 ,12 fills,https://sservices.trialcard.com/Coupon/mytesi,1
Halog,$0 ,Not specified,Not specified,https://www.activatethecard.com/7378/,1
Exelderm,$0 ,Not specified,Not specified,https://www.activatethecard.com/7378/,1
Eurax,$0 ,Not specified,Not specified,https://www.activatethecard.com/7378/,1
Kenalog Spray,$0 ,Not specified,Not specified,https://www.activatethecard.com/7378/,1
Horizant,$0 ,Not specified,12 fills,https://www.horizant.com/copay/,1
Humira,$5 ,Not specified,Not specified,https://www.humira.com/humira-complete/cost-and-copay,1
Invokana,$0 ,"$3,000 per year",Not specified,https://www.invokanahcp.com/patient-support/patient-affordability,1
Invokana,1 free trial,,1 fill,https://www.invokanahcp.com/patient-support/patient-affordability,1
Isentress,Will vary,"$6,600 per year",12 fills,https://www.activatethecard.com/7119/#,1
Jakafi,$25 ,Not specified,Not specified,http://www.jakafi.com/hcp/incytecares-support-program.aspx#copay,1
Januvia,$5 ,$150 ,12 fills,https://www.activatethecard.com/7159/#,1
Janumet XR,$5 ,$150 ,12 fills,https://www.activatethecard.com/7159/#,1
Janumet,$5 ,$150 ,12 fills,https://www.activatethecard.com/7159/#,1
Jentadueto,$10 ,$150 ,Not specified,https://www.jentadueto.com/savings-card,1
Jentadueto XR,$10 ,$150 ,Not specified,https://www.jentadueto.com/savings-card,1
Keppra XR,$25 ,$30 ,Not specified,http://www.keppraxr.com/about/savings_program.aspx,1
Kombiglyze XR,$0 ,$150 ,Not specified,https://www.kombiglyzexr.com/savings-support/rx-savings.html,1
Onglyza,$0 ,$150 ,Not specified,https://www.onglyza.com/savings-support/rx-savings.html,1
Istalol,$35 at Walgreens,Not specified,6 fills at Walgreens,http://www.bauschaccessprogram.com/,1
Lotemax Gel,$35 at Walgreens,Not specified,6 fills at Walgreens,http://www.bauschaccessprogram.com/,1
Prolensa,$35 at Walgreens,Not specified,6 fills at Walgreens,http://www.bauschaccessprogram.com/,1
Zylet,$35 at Walgreens,Not specified,6 fills at Walgreens,http://www.bauschaccessprogram.com/,1
Alrex,$35 at Walgreens,Not specified,6 fills at Walgreens,http://www.bauschaccessprogram.com/,1
Bepreve,$35 at Walgreens,Not specified,6 fills at Walgreens,http://www.bauschaccessprogram.com/,1
Besivance,$35 at Walgreens,Not specified,6 fills at Walgreens,http://www.bauschaccessprogram.com/,1
Lacrisert,$35 at Walgreens,Not specified,6 fills at Walgreens,http://www.bauschaccessprogram.com/,1
Timoptic in Ocudose,$35 at Walgreens,Not specified,6 fills at Walgreens,http://www.bauschaccessprogram.com/,1
Lotemax Ointment,$35 at Walgreens,Not specified,6 fills at Walgreens,http://www.bauschaccessprogram.com/,1
Zirgan,$35 at Walgreens,Not specified,6 fills at Walgreens,http://www.bauschaccessprogram.com/,1
Lantus,$10 ,Not specified,12 fills,https://www.lantus.com/sign-up/savings-registration,1
Latuda,$15 ,$125 ,12 fills,https://secure.latuda.com/secure/latuda-savings.cfm,1
Levemir,$25 ,$100 ,24 fills,https://www.cornerstones4care.com/offers.html,1
Novolog,$25 ,$100 ,24 fills,https://www.cornerstones4care.com/offers.html,1
Novolog Mix 70/30,$25 ,$100 ,24 fills,https://www.cornerstones4care.com/offers.html,1
Victoza,$25 ,$100 ,24 fills,https://www.cornerstones4care.com/offers.html,1
Tresiba,$15 ,$500 ,24 fills,https://www.cornerstones4care.com/offers.html,1
Levitra,$10 per tablet,$150 ,12 fills,http://www.levitra.com/,1
Tivicay,Will vary,"$6,000 ",12 fills,http://www.mysupportcard.com/get-savings-card.html,1
Triumeq,Will vary,"$6,000 ",12 fills,http://www.mysupportcard.com/get-savings-card.html,1
Lialda,$10 ,$120 ,Not specified,http://www.lialda.com/patient-support-program.aspx,1
Linzess,$30 ,Not specified,Not specified,https://www.linzess.com/steps-toward-relief/save-on-linzess,1
Livalo,$18 ,$75 ,Not specified,https://www.livalorx.com/coupon/,1
Lumigan,Will vary,$25 ,1 fill,http://www.lumigan.com/Save-Prescription,1
Lyrica,$25 ,Not specified,12 fills,https://www.lyrica.com/co-pay-savings-card,1
Micardis,$10 ,$35 ,Not specified,https://us.micardis.com/door-to-door,1
Taytulla,$25 ,Not specified,9 months,https://www.savingscardactivation.com/activate/taytulla,1
Moxatag,$10 ,Not specified,Not specified,http://www.moxatag.com/,1
Multaq,$0 ,$150 ,12 fills,http://www.multaq.com/multaq-savings,1
Zortress,1 month trial,,1 fill,http://www.myfortic.com/index.jsp?usertrack.filter_applied=true&NovaId=2935377062859619458,1
Myfortic,1 month trial,,1 fill,http://www.myfortic.com/index.jsp?usertrack.filter_applied=true&NovaId=2935377062859619458,1
Neoral,1 month trial,,1 fill,http://www.myfortic.com/index.jsp?usertrack.filter_applied=true&NovaId=2935377062859619458,1
Zortress,$0 ,Not specified,Not specified,http://www.myfortic.com/index.jsp?usertrack.filter_applied=true&NovaId=2935377062859619458,1
Myfortic,$0 ,Not specified,Not specified,http://www.myfortic.com/index.jsp?usertrack.filter_applied=true&NovaId=2935377062859619458,1
Neoral,$0 ,Not specified,Not specified,http://www.myfortic.com/index.jsp?usertrack.filter_applied=true&NovaId=2935377062859619458,1
Sandimmune,$0 ,Not specified,Not specified,http://www.myfortic.com/index.jsp?usertrack.filter_applied=true&NovaId=2935377062859619458,1
Myrbetriq,$20 ,$70 ,12 fills,https://www.activatethecard.com/6696/enr_card.html?tb_id=14253663206&_ga=1.249164868.2131109822.1489031609#,1
Namenda XR,1 month trial,,1 fill,http://www.namendaxr.com/taking-action#TrialOffer,1
Nascobal,$25 ,$150 ,Not specified,https://www.nascobal.com/hcp/nascobal-nutrition-direct-is-convenient-and-affordable,1
Apridra,$0 ,Not specified,Not specified,https://www.apidra.com/apidra/new-card.aspx,1
Neupro,$10 ,Not specified,Not specified,https://www.neupro.com/parkinsons-disease/neupro-savings.aspx,1
Nexium,$15 ,$125 ,Not specified,https://www.purplepill.com/heartburn-relief/purple-plus-savings-card.html,1
Niaspan,$5 ,$70 ,Not specified,http://www.niaspan.com/savings,1
Nitromist,Will vary,$100 ,Not specified,https://copaycard.nitromist.com/,1
Nucynta,"$0 for 1st fill, $25 for each additional fill",Not specified,Not specified,https://www.nucynta.com/hcp/ir/copay-card,1
Nucynta ER,"$0 for 1st fill, $25 for each additional fill",Not specified,Not specified,https://www.nucynta.com/hcp/er/copay-card,1
Nuedexta,$30 ,Not specified,Not specified,https://www.nuedexta.com/sign-up,1
Nuvail,Will vary,Not specified,12 fills,http://nuvail-rx.com/rebates/,1
Sitavig,Will vary,Not specified,12 fills,http://nuvail-rx.com/rebates/,1
Bionect,Will vary,Not specified,12 fills,http://nuvail-rx.com/rebates/,1
Nuvaring,Will vary,$50 ,Not specified,https://www.activatethecard.com/7180/?_ga=1.38434211.1817462729.1489289336#,1
Nuvigil,First prescription free and refills as low as $5,Not specified,Not specified,http://nuvigil.com/,1
Olysio,$5 ,"$50,000 per year",Not specified,https://olysio.janssencarepathsavings.com/Coupon/Olysio,1
Onfi,One 14-day free trial,,1 fill,https://www.onfi.com/copay-card-free-trial/,1
Onfi,$25 ,$50 ,12 fills,https://www.onfi.com/copay-card-free-trial/,1
Opana ER,$15 ,$100 ,24 fills,http://www.opana.com/patient/resources/copay-card.aspx,1
Orencia,$5 ,"$10,000 per year",12 fills,https://www.activatethecard.com/orencia/welcome.html#,1
Oseni,$4 ,,12 fills,https://www.nesinafamily.com/oseni/diabetes-savings-program,1
Nesina,$4 ,,12 fills,https://www.nesinafamily.com/nesina/diabetes-savings-program,1
Kazano,$4 ,,12 fills,https://www.nesinafamily.com/kazano/diabetes-savings-program,1
Osphena,$25 ,$125 ,6 months,https://osphena.com/savings-card,1
Oxistat,$10 ,Not specified,Not specified,http://www.oxistat.com/pdoxi_web_7_specialsavings.shtml,1
Oxtellar XR,$0 ,Not specified,12 fills,https://oxtellarxr.com/savings-resources,1
Pazeo,$10 ,Not specified,Not specified,https://www.eyefile.com/Pazeo/GetStarted/0?_ga=1.248306631.1530504001.1489371052&sid=0915PazeoReg,1
Perforomist,Will vary,$50 ,Not specified,https://www.activatethecard.com/perforomist/,1
Enstilar,$35 ,Not specified,Not specified,https://www.activatethecard.com/LEO/enrollCard.html?src=oldPIC#,1
Taclonex,$35 ,Not specified,Not specified,https://www.activatethecard.com/LEO/enrollCard.html?src=oldPIC#,1
Picato,$35 ,Not specified,Not specified,https://www.activatethecard.com/LEO/enrollCard.html?src=oldPIC#,1
Tanzeum,$15 ,$150 ,12 fills,http://www.tanzeum.com/offers-savings.html,1
Pradaxa,$0 ,"$2,400 per year",12 fills,https://www.pradaxa.com/savings,1
Analpram HC,$30 ,Not specified,Not specified,http://www.sebelapharma.com/savings-programs/,1
Brisdelle,$25 ,Not specified,Not specified,http://www.sebelapharma.com/savings-programs/,1
Lotronex,$15 ,Not specified,Not specified,http://www.sebelapharma.com/savings-programs/,1
MiCort HC,$25 ,Not specified,Not specified,http://www.sebelapharma.com/savings-programs/,1
Naftin,$22 ,Not specified,Not specified,http://www.sebelapharma.com/savings-programs/,1
Prenate,Will vary,$60 ,12 fills,http://prenate.com/patient-savings/,1
Prepopik,$40 ,Not specified,Not specified,http://www.prepopik.com/support_and_resources/,1
ProAir Respiclick,$25 ,Not specified,Not specified,http://proair.com/respiclick/savings/,1
Prograf,$0 ,$3000 per year,Not specified,https://www.activatethecard.com/astellastransplant/welcome.html#,1
Astagraf XL,$0 ,$3000 per year,Not specified,https://www.activatethecard.com/astellastransplant/welcome.html#,1
Prolia,$25 ,Not specified,Not specified,https://www.proliasupport.com/,1
Promiseb,Will vary,$50 ,Not specified,https://activatemysavings.com/promiseb/,1
Protonix,$4 ,$70 ,12 fills,https://www.protonix.com/savings-card?copay=svp,1
Proventil,Will vary,$15 ,Not specified,https://www.activatethecard.com/7375/#,1
Pulmicort Flexhaler,$20 ,50%,12 fills,https://www.pulmicortflexhalertouchpoints.com/savings-card.html,1
Pulmozyme,Not specified,Not specified,Not specified,http://www.pulmozyme.com/pulmozyme-copay-patient-financial-support,1
Qnasl,$15 ,Not specified,Not specified,http://qnasl.com/savings.aspx,1
Quillivant XR,$25 ,$140 ,12 fills,https://www.quillivantxr-quillichewer.com/savings-and-support/co-pay-card,1
QuilliChew ER,$25 ,$140 ,12 fills,https://www.quillivantxr-quillichewer.com/savings-and-support/co-pay-card,1
Ranexa,$5 ,$70 ,12 fills,https://www.ranexa.com/help-paying-for-ranexa,1
Rapaflo,$15 ,Not specified,Not specified,https://www.rapaflo.com/rapaflo-savings-card,1
Rebif,$0 ,Not specified,Not specified,http://www.rebif.com/getting-started-with-rebif/rebif-co-pay,1
Rective,$40 ,Not specified,Not specified,http://www.rectiv.com/en/patient_savings_program/,1
Renvela,$5 ,$300 ,12 fills,http://www.renvalue.com/,1
Restasis,$0 ,$250 ,Not specified,https://www.restasis.com/Savings-and-Support/Get-Savings,1
Sancuso,$20 ,$150 ,Not specified,http://www.patientrxsolutions.com/sancuso-copay/,1
Santyl,$50 ,$150 ,Not specified,http://www.santyl.com/card,1
Saphris,$15 ,Not specified,12 fills,https://saphris.pskw.net/,1
Savella,$50 ,$50 ,12 fills,https://www.savingscardactivation.com/activate/Savella,1
Sensipar,$5 ,Not specified,Not specified,http://www.sensipar.com/patient-assistance-programs/,1
Seroquel XR,$3 ,$185 ,12 fills,https://www.seroquelxr.com/coupon.html,1
Silenor,$25 ,Not specified,Not specified,https://www.silenor.com/resources#silenor-program,1
Travatan Z,$30 ,Not specified,Not specified,http://www.myglaucomasupport.com/get-support.shtml,1
Azopt,$30 ,Not specified,Not specified,http://www.myglaucomasupport.com/get-support.shtml,1
Simbrinza,$30 ,Not specified,Not specified,http://www.myglaucomasupport.com/get-support.shtml,1
Sklice,$10 ,Not specified,Not specified,https://www.sklice.com/sklice-coupon-savings,1
Somavert,$5 ,"$20,000 per year",Not specified,http://www.somavert.com/financial-support,1
Fabior,$0 ,Not specified,Not specified,https://www.soriluxfoam.com/patient/mayne-pharma-patient-savings-card/,1
Sorilux,$0 ,Not specified,Not specified,https://www.soriluxfoam.com/patient/mayne-pharma-patient-savings-card/,1
Doryx MPC,$0 ,Not specified,Not specified,https://www.soriluxfoam.com/patient/mayne-pharma-patient-savings-card/,1
Sovaldi,$5 ,Not specified,Not specified,https://www.sovaldi.com/coupons/,1
Spiriva Respimat,$0 ,Not specified,12 fills,https://www.spiriva.com/asthma/savings/,1
Spiriva Handihaler,$10 ,$50 ,12 fills,https://www.spiriva.com/copd/copay/step1,1
Sprycel,$0 ,$32000 per year,Not specified,https://www.sprycel.com/sprycel-assist?cm_mc_uid=23820952612314902244429&cm_mc_sid_51110000=1490224442,1
Stelara,$5 ,Not specified,Not specified,https://stelara.janssencarepathsavings.com/#/app/home,1
Stendra,$25 per pill,Not specified,Not specified,http://www.stendra.com/savings-card/,1
Strattera,$25 ,$75 ,11 fills,https://voucher.strattera.com/savings_card/adult.cfm,1
Suboxone,$25 ,$75 ,Not specified,https://www.suboxone.com/treatment-plan/savings-card,1
Sumavel,$15 ,$200 ,12 fills,http://www.sumaveldosepro.com/Savings,1
Sumaxin,Not specified,Not specified,Not specified,http://www.medimetriks.com/prescription-brands/sumaxin-wash,1
Suprep,Will vary,$10 ,Not specified,http://www.suprepkit.com/voucher.htm,1
Symbicort,$0 ,$100 ,12 fills,https://www.mysymbicort.com/asthma/symbicort-savings-offer/registration.html,1
Symlin,$25 ,$100 ,24 fills,https://www.symlin.com/savings-and-support-info/symlin-savings-card.html#link3,1
Synthroid,$25 ,Not specified,Not specified,https://www.synthroid.com/support/before-breakfast-club,1
Texacort,$15 ,$50 ,Not specified,http://docs.missionpharmacal.com/assets/pdf/DermatologyProductsSavingsCard.pdf,1
Eletone,$15 ,$40 ,Not specified,http://docs.missionpharmacal.com/assets/pdf/DermatologyProductsSavingsCard.pdf,1
Avar,$20 ,$100 ,Not specified,https://mprsetrial.mckesson.com/avarovace6414/voucher.html,1
Ovace Plus,$20 ,$100 ,Not specified,https://mprsetrial.mckesson.com/avarovace6414/voucher.html,1
Eletone,$20 ,$100 ,Not specified,https://mprsetrial.mckesson.com/avarovace6414/voucher.html,1
Urocit-K,Will vary,$40 ,Not specified,http://www.missionpharmacal.com/sites/default/files/urk_t7404r0516_savings_card_web_fnl.pdf,1
Uribel,$15 ,$50 ,Not specified,http://www.missionpharmacal.com/sites/default/files/uribel_web_pdf_ubl_t7315_r0516.pdf,1
Ferralet 90,$20 ,$40 ,Not specified,http://www.ferralet.com/sites/default/files/FER_T7407_R0516_Savings_Card_WEB_version_FNL_VP.PDF,1
CitraNatal 90 DHA,$20 ,$50 ,Not specified,https://mprsetrial.mckesson.com/7332,1
CitraNatal Harmony,$20 ,$50 ,Not specified,https://mprsetrial.mckesson.com/7332,1
CitraNatal B-Calm,$20 ,$50 ,Not specified,https://mprsetrial.mckesson.com/7332,1
CitraNatal Assure,$20 ,$50 ,Not specified,https://mprsetrial.mckesson.com/7332,1
Binosto,$15 ,$60 ,Not specified,http://www.binosto.com/sites/default/files/Binosto_Card_160511.pdf,1
Tirosint,$35 ,$35 ,Not specified,https://www.tirosint.com/stay-on-track-with-tirosint/tirosint-resources/,1
Topamax,$5 ,$50 ,Not specified,http://www.topamaxsavings.com/ThankYouPage.aspx,1
Tradjenta,$10 ,$150 ,12 fills,https://www.tradjenta.com/savings-card,1
Treximet,$25 ,Not specified,Not specified,http://www.treximet.com/Patient/PatientToolsAndResources#PatientSavings,1
Ortho Tri-Cyclen Lo,Will vary,$15 ,1 time,https://www.altsampling.com/8068123/printinstruction.aspx?campaign=sitebrochure,1
Tribenzor,$29 ,Not specified,12 fills,http://tribenzor.com/pre-activated-savings-card,1
Trokendi XR,$0 ,Not specified,12 fills,https://trokendixr.pskw.com/Pages/SignUp.aspx,1
Uceris,$25 ,Not specified,Not specified,https://www.uceris.com/tablet/savings,1
Uloric,$15 ,$75 ,Not specified,https://www.uloric.com/resources/savings-card/,1
Vagifem,Will vary,$40 ,4 fills,https://www.vagifem.com/save,1
Vaniqua,Will vary,$35 ,Not specified,http://www.vaniqa.com/savings,1
Vascepa,$9 ,$70 ,Not specified,https://www.vascepa.com/savings-program.html,1
Vesicare,Will vary,$50 ,Not specified,https://www.vesicare.com/savings-and-resources/momentum-program,1
Viibryd,$10 ,$100 ,12 fills,https://www.viibryd.com/savings-program,1
Vimovo,$0 ,$800 ,Not specified,http://www.vimovo.com/patient/arthritis-patient-resources/savings-card-coupon,1
Vimpat,$20 ,$100 ,Not specified,https://www.vimpat.com/vimpat-advantage-registration.aspx,1
Viread,$0 ,$300 ,12 fills,http://www.viread.com/co-pay-coupon.aspx,1
Vyvanse,$30 ,$60 ,12 fills,https://www.shireregistration.com/Vyvanse%20Savings%20Link?s=d360b53e-33c4-436d-a119-4477d1cd8bd0,1
Welchol,$25 ,$150 ,12 fills,http://welchol.com/savings-and-support,1
Xalatan,$0 ,$125 ,12 fills,http://www.xalatan.com/,1
Xarelto,$0 ,"$3,400 per year",12 fills,https://www.xarelto-us.com/carepath/savings-program,1
Xarelto,1 free trial,,1 fill,https://www.xarelto-us.com/carepath/savings-program,1
Xgeva,$25 ,$10000 per year,12 fills,http://www.xgeva.com/cost-assistance-and-patient-support/#savings,1
Xifaxan,$0 ,Not specified,12 fills,https://www.xifaxan.com/Copay-Card,1
Zemplar,$5 ,Not specified,12 fills,http://www.zemplar.com/zemplar-cost-savings.aspx,1
Zomig Nasal Spray,Will vary,$50 ,12 fills,https://www.zomigsavings.com/,1
Zomig ZMT,Will vary,$25 ,12 fills,https://www.zomigsavings.com/,1
Zomig tablets,Will vary,$25 ,12 fills,https://www.zomigsavings.com/,1
Zubsolv,$10 ,$225 ,Not specified,https://www.zubsolv.com/zubsolv/patient-savings/,1
Zytiga,$10 ,"$12,000 per year",Not specified,https://zytiga.janssencarepathsavings.com/Coupon/Zytiga,1
Zyvox,$1 ,"$1,000 ",Not specified,http://www.zyvox.com/,1
